Metric,Nifty Metrics,Nifty Auto,NIFTY ENERGY,Nifty FMCG,Nifty IT,Nifty Media,Nifty Metal,Nifty PSU Bank,Nifty Realty,NIFTY BANK,NIFTY MEDIA,NIFTY CONSUMPTION,NIFTY MNC,NIFTY PSE,NIFTY COMMODITIES,NIFTY SERV SECTOR
Cumulative Return,-1.0,4.664373555724094e+29,6.671027316786725e+18,-1.0,-0.9999999403953552,4320158.5,inf,1.7218513948532543e+36,-1.0,56161919303680.0,359.17144775390625,-0.9999821782112122,-0.9999998211860657,2.3081061941272372e+24,-1.0,-1.0
Average Annual Return,-11.804026324208722,78.07006153464317,73.49676790833473,-217.16243934631348,-15.857435453683138,18.04588881134987,119.46359491348267,95.83052286505699,-97.76948273181915,34.621983766555786,7.808259900659323,4.5095234233886,-4.809099745005369,62.32984307408333,-99.92702385783195,-273.93915843963623
Volatility,14.669181542738132,3.204861561926295,8.459322802084568,3.2680793818844647,0.4416801910752658,2.2882556839218524,3.070671712856863,3.147776082965573,4.032632280917098,1.8681323528289795,1.9620997787181533,5.467019439378921,4.469107989577133,2.332341155133153,6.868837124652999,3.9240611260626483
Sharpe Ratio,-0.8046819987753316,24.359885762965327,8.688256687665763,-66.4495607267323,-35.90252806012961,7.886307871164525,38.90471078796543,30.44388175628218,-24.244581682906258,18.53293944303597,3.979542725273883,0.8248595918475283,-1.0760759767320829,26.724153512835873,-14.54788081947424,-69.8101149903603
